source,target,prediction
Q86TW2,Q00535,0.6125294588518478
Q00535,Q86TW2,0.6125294588518478
Q86TW2,P10636,0.6125294588518478
P10636,Q86TW2,0.6125294588518478
Q86TW2,Q16620,0.6125294588518478
Q16620,Q86TW2,0.6125294588518478
Q86TW2,P22001,0.6125294588518478
P22001,Q86TW2,0.6125294588518478
Q86TW2,Q13315,0.6125294588518478
Q13315,Q86TW2,0.6125294588518478
