source,target,prediction
P22001,Q00535,0.4133198968974198
Q00535,P22001,0.4133198968974198
P22001,P10636,0.3889144294965122
P10636,P22001,0.3889144294965122
P22001,Q16620,0.688029051096497
Q16620,P22001,0.688029051096497
P22001,Q13315,0.34836475972591247
Q13315,P22001,0.34836475972591247
P22001,P15336,0.4149978914699388
P15336,P22001,0.4149978914699388
