#term ID	term description	observed gene count	background gene count	strength	false discovery rate	matching proteins in your network (IDs)	matching proteins in your network (labels)
GO:0005829	cytosol	11	4958	0.52	0.00074	9606.ENSP00000216274,9606.ENSP00000256078,9606.ENSP00000259371,9606.ENSP00000259808,9606.ENSP00000301838,9606.ENSP00000304226,9606.ENSP00000308351,9606.ENSP00000314709,9606.ENSP00000354621,9606.ENSP00000381070,9606.ENSP00000382423	RIPK3,KRAS,DAB2IP,RIPK1,FADD,HIPK3,MLKL,ZHX2,SMURF1,MAP2K7,MAP3K1
GO:0031264	death-inducing signaling complex	2	9	2.52	0.00074	9606.ENSP00000259808,9606.ENSP00000301838	RIPK1,FADD
GO:0097342	ripoptosome	2	6	2.7	0.00074	9606.ENSP00000259808,9606.ENSP00000301838	RIPK1,FADD
GO:0045121	membrane raft	3	300	1.18	0.0152	9606.ENSP00000256078,9606.ENSP00000259808,9606.ENSP00000301838	KRAS,RIPK1,FADD
GO:0044297	cell body	3	526	0.93	0.0426	9606.ENSP00000259371,9606.ENSP00000301838,9606.ENSP00000354621	DAB2IP,FADD,SMURF1
GO:0009898	cytoplasmic side of plasma membrane	2	170	1.25	0.0456	9606.ENSP00000256078,9606.ENSP00000259371	KRAS,DAB2IP
